{"cameraMode":{"drawMode":0,"name":"Shaded","section":"Shading Mode"},"sceneLighting":true,"audioPlay":false,"sceneViewState":{"showFog":false,"showMaterialUpdate":false,"showSkybox":false,"showFlares":false,"showImageEffects":false,"showParticleSystems":false},"in2DMode":false,"pivot":{"x":-10.530856132507325,"y":23.409591674804689,"z":1.6894363164901734},"rotation":{"x":0.39527803659439089,"y":0.5784326791763306,"z":-0.37764784693717959,"w":0.6054363250732422},"size":2.276459217071533,"orthographic":false}